"","fitted","SE"
"1",0.650015028608964,0.00147353239996161
"2",0.650014436188971,0.00147152273535736
"3",0.650013072303278,0.0014669725781621
"4",0.650012448868402,0.00146492687467855
"5",0.650010340856349,0.00145815940553403
"6",0.650009522916996,0.00145559268782573
"7",0.65000892152078,0.0014537255871041
"8",0.650007085938602,0.00144812772486783
"9",0.650007072066043,0.00144808597922351
"10",0.650004188496018,0.00143958078061377
"11",0.650003995448308,0.00143902316425743
"12",0.650001574678563,0.00143214849387203
"13",0.649994587094949,0.00141340767450537
"14",0.64999209201799,0.00140706712869758
"15",0.649989272866134,0.00140010062568345
"16",0.649987930751589,0.00139685347930895
"17",0.649985153656505,0.00139026845709705
"18",0.649985041833615,0.00139000695563024
"19",0.649984301112818,0.00138828168639861
"20",0.64997855226734,0.00137528064799235
"21",0.649977827033691,0.00137368687485659
"22",0.649975808863544,0.00136930306977317
"23",0.649974124432067,0.00136570023705444
"24",0.649973258674533,0.00136386768393706
"25",0.649973089926827,0.00136351198630129
"26",0.649972618233102,0.00136252027371647
"27",0.649972413165023,0.00136209029533869
"28",0.649970865914161,0.00135886854839872
"29",0.64996714838841,0.00135128428910685
"30",0.649966281541991,0.00134954636241213
"31",0.649964707053432,0.00134641813651513
"32",0.64996295256013,0.00134297440327898
"33",0.649961863627474,0.00134085878926732
"34",0.6499617368549,0.00134061355520459
"35",0.649960796622423,0.00133880156960979
"36",0.649959609273181,0.00133653034642327
"37",0.649959541483881,0.00133640124087969
"38",0.649958465896964,0.00133436083653462
"39",0.649955469495642,0.00132875480221829
"40",0.649953636615162,0.00132538053470666
"41",0.649953499763902,0.00132513022418409
"42",0.649952414235434,0.00132315260037398
"43",0.649950884855858,0.0013203897856225
"44",0.649948479485186,0.00131609850613922
"45",0.649947485633286,0.00131434423338133
"46",0.649945593881554,0.00131103463830384
"47",0.649943747351734,0.00130784070807288
"48",0.64994149642459,0.00130399473821486
"49",0.649940381883777,0.00130210923943741
"50",0.649938596072009,0.00129911350826414
"51",0.649937557949975,0.00129738614452261
"52",0.649936692530777,0.00129595394038787
"53",0.64993588517571,0.00129462414019604
"54",0.64993406634452,0.00129165031192425
"55",0.649930414571698,0.00128576903396919
"56",0.649924319602761,0.00127620618635938
"57",0.649922142251078,0.00127286306778363
"58",0.649921414385177,0.00127175377221188
"59",0.649920972948261,0.00127108299855099
"60",0.649920776872704,0.00127078553728187
"61",0.64991599937587,0.00126362709544795
"62",0.649915103377226,0.00126230325868703
"63",0.649914020261389,0.00126071064220559
"64",0.649911685069452,0.00125730513683991
"65",0.649910911293543,0.00125618506721019
"66",0.649910542167462,0.00125565219088252
"67",0.649908413013528,0.00125259654789905
"68",0.649900763348586,0.00124186298677471
"69",0.649898376876075,0.00123858959581191
"70",0.649898114743277,0.00123823214708103
"71",0.649896579955717,0.00123614752842756
"72",0.649887282049705,0.00122380925022996
"73",0.649885893173184,0.00122200741422182
"74",0.649885098445216,0.00122098103460658
"75",0.649883627956651,0.00121909074273926
"76",0.649876323914734,0.00120986651325362
"77",0.649874809974653,0.00120798792077335
"78",0.649874468395695,0.00120756561012252
"79",0.649868710810539,0.00120053086374211
"80",0.64986751118404,0.00119908461216153
"81",0.649860224690017,0.00119043896271503
"82",0.649855733358952,0.0011852246302251
"83",0.649848034592097,0.00117648020348841
"84",0.649845901128641,0.00117409873213144
"85",0.649844961464126,0.00117305543366496
"86",0.649844065115581,0.00117206338877758
"87",0.649842570782959,0.00117041632356272
"88",0.649842100062983,0.00116989924251898
"89",0.649838993149133,0.0011665071111745
"90",0.649824401081866,0.00115103864779212
"91",0.649820217159222,0.00114673756425018
"92",0.64981754194694,0.0011440173254837
"93",0.649812372738998,0.0011388254992384
"94",0.649804454022726,0.00113103142490247
"95",0.649801051736439,0.0011277399435737
"96",0.649800996232711,0.00112768652633916
"97",0.649799505394225,0.00112625504862644
"98",0.649793849497789,0.00112088171128163
"99",0.649776907522812,0.00110530533633126
"100",0.649773696248886,0.00110243659059948
"101",0.649773018313167,0.00110183424971393
"102",0.649770442684452,0.00109955614015812
"103",0.64976708743026,0.00109661268331684
"104",0.649761882978596,0.00109210018065281
"105",0.649761527887412,0.00109179462182365
"106",0.649748181276426,0.00108051818038697
"107",0.649747833304456,0.00108022948934674
"108",0.649745962134482,0.00107868160369377
"109",0.649739276322017,0.00107321216960325
"110",0.649738675157925,0.00107272500172344
"111",0.649736406613722,0.00107089340184718
"112",0.649735489740428,0.00107015614701751
"113",0.649733755408463,0.00106876629426253
"114",0.649732396657595,0.00106768170929843
"115",0.649731474107897,0.00106694744295954
"116",0.649729054029149,0.00106502941983456
"117",0.649728907374164,0.0010649135658976
"118",0.649725172880933,0.00106197777955434
"119",0.649722663111583,0.00106002017684753
"120",0.649718917158955,0.00105712104284102
"121",0.649710761981903,0.00105090144632113
"122",0.649701867957238,0.00104425790523749
"123",0.649696595824885,0.00104038641018316
"124",0.649694508865609,0.00103886728414433
"125",0.649692084228949,0.00103711177293921
"126",0.649687423245693,0.00103376515545781
"127",0.649680653509877,0.0010289690315212
"128",0.64967904032889,0.00102783724488468
"129",0.649678913450168,0.00102774840759852
"130",0.649678697196517,0.00102759705230252
"131",0.649675091742821,0.00102508470300802
"132",0.649670899309348,0.00102218939619785
"133",0.649659947107456,0.00101475491427337
"134",0.64965521566605,0.00101159952423507
"135",0.649654416590212,0.00101106991159518
"136",0.649636416783784,0.000999384886516217
"137",0.649627778900346,0.000993938666005115
"138",0.649617184747158,0.000987395847651259
"139",0.649615462005089,0.000986345823587798
"140",0.649604153949935,0.000979547676774665
"141",0.649598137161961,0.000975995804147156
"142",0.64958629384785,0.000969132822040511
"143",0.649585884484616,0.000968898591955335
"144",0.649583668444028,0.00096763402938343
"145",0.649583136474513,0.000967331321311565
"146",0.649581299432292,0.000966288518503923
"147",0.649580596798714,0.000965890702281961
"148",0.649578298269938,0.000964593309186475
"149",0.649574775904153,0.000962616894624902
"150",0.649573114321304,0.000961689479860186
"151",0.649565327676235,0.000957384723664167
"152",0.6495627735644,0.000955987389687724
"153",0.64955626526694,0.000952458993227332
"154",0.649554714002106,0.000951624757682231
"155",0.649552357606866,0.000950362473161022
"156",0.649550304125751,0.000949267278029866
"157",0.64954171087512,0.000944732319810696
"158",0.649531022853348,0.00093919814704712
"159",0.649526581988437,0.000936932594562599
"160",0.649525309594852,0.000936287082420799
"161",0.649521015536159,0.000934120386386498
"162",0.649511342759185,0.000929305322208573
"163",0.649505893080175,0.000926631844551974
"164",0.649499301361255,0.000923435290225822
"165",0.649494205311737,0.00092099152555658
"166",0.649494117940513,0.000920949834363433
"167",0.649492012823445,0.000919947424580738
"168",0.649486296256113,0.000917245485813687
"169",0.649485537550827,0.000916889082656921
"170",0.649477166008766,0.000912990328146324
"171",0.649471684232431,0.000910470548737912
"172",0.649467652776056,0.000908633934005091
"173",0.649465901114066,0.000907840246504205
"174",0.649439295822109,0.000896098614795398
"175",0.649432459548634,0.000893173917347625
"176",0.64943200605635,0.000892981203968768
"177",0.649426620963598,0.000890705029165089
"178",0.649411586540153,0.000884467908934448
"179",0.649401201920115,0.000880258606444182
"180",0.64938457354636,0.000873681427954352
"181",0.649381892786599,0.000872639456174962
"182",0.649380436635678,0.00087207557803299
"183",0.649368386202169,0.000867465433506305
"184",0.649351532768238,0.000861182569306434
"185",0.649345565814843,0.000859003064166874
"186",0.649318744823569,0.00084948683809262
"187",0.649316524545687,0.000848719153431368
"188",0.649308796575336,0.000846070482955791
"189",0.64930324499567,0.000844189913652693
"190",0.649301634864785,0.000843647923606392
"191",0.649281059563799,0.000836855502337848
"192",0.649276584683821,0.000835410449447926
"193",0.649272459997031,0.000834088486916412
"194",0.649266483041682,0.000832189743051248
"195",0.649259004934692,0.000829841920574163
"196",0.649229371489904,0.000820834021352072
"197",0.649229351785661,0.00082082818527311
"198",0.649223464986605,0.000819093550207419
"199",0.64921720101956,0.000817267201391699
"200",0.64921256797261,0.000815929124260102
"201",0.649206388533571,0.000814161136309714
"202",0.649156081491343,0.000800453034564107
"203",0.649155164319035,0.000800214065194139
"204",0.649145044804507,0.000797602533817171
"205",0.649131086572148,0.000794074829921488
"206",0.649125884574138,0.000792781834911647
"207",0.649117320170034,0.000790678379476871
"208",0.649116215447055,0.000790409326665888
"209",0.649113778749346,0.000789817697337682
"210",0.649111435716682,0.000789251167798825
"211",0.649089958131729,0.000784164176204164
"212",0.649080964253913,0.000782089790642839
"213",0.649079137498286,0.000781672414565464
"214",0.649076307348697,0.000781028400427273
"215",0.64906521219177,0.000778534055045746
"216",0.649063756968423,0.000778210465084808
"217",0.649061189061277,0.000777641453344654
"218",0.649048213974752,0.000774805030318703
"219",0.649035565492684,0.000772101204164937
"220",0.649012862341471,0.000767395654120355
"221",0.648998149415244,0.000764444753625693
"222",0.648987257059493,0.00076230878225997
"223",0.648982269003476,0.000761344228392693
"224",0.648978078866102,0.000760540500451225
"225",0.648966292609329,0.000758311349610859
"226",0.648964883271577,0.000758047893946262
"227",0.648962022885592,0.000757515200338213
"228",0.648960625951866,0.000757256025687183
"229",0.648954436935831,0.000756115450906256
"230",0.64894317553945,0.000754071916117689
"231",0.648926439870053,0.0007511095424411
"232",0.648913688563301,0.000748910995857969
"233",0.648902986746736,0.000747104094199451
"234",0.648877974339827,0.000743013833733464
"235",0.648846820218518,0.000738170632297142
"236",0.648844777879025,0.00073786258376568
"237",0.64883243283266,0.000736024754100716
"238",0.64879591638788,0.00073082525062624
"239",0.648795363428151,0.000730749167886959
"240",0.648795153780995,0.000730720342445852
"241",0.648792628280481,0.000730373974031095
"242",0.648785926305955,0.000729462607971462
"243",0.648776603571386,0.000728213522281283
"244",0.648771000948282,0.000727473199695499
"245",0.648763945694215,0.000726551840353534
"246",0.648761789712068,0.000726272694773141
"247",0.648760291184534,0.000726079333574574
"248",0.648756700211612,0.000725618171712248
"249",0.648754837318819,0.0007253801508801
"250",0.64875427037554,0.000725307877288025
"251",0.64872688925891,0.00072190466436853
"252",0.648704792356103,0.000719279997363483
"253",0.648689860097972,0.000717566084453185
"254",0.648684734657704,0.000716988678303151
"255",0.648661120220623,0.000714398807227758
"256",0.648656911085563,0.00071394914049253
"257",0.648656167607896,0.000713870084976181
"258",0.648650220756591,0.000713241732715867
"259",0.648645548108028,0.000712752962457161
"260",0.648635367779778,0.000711703005940667
"261",0.648630631103747,0.000711221397209006
"262",0.648618533181599,0.000710010993307754
"263",0.648614168381411,0.000709581163416518
"264",0.648598633720652,0.000708080479357553
"265",0.648572901223224,0.000705692532291292
"266",0.648570228163281,0.000705451328632391
"267",0.648569620553854,0.000705396678420459
"268",0.648562069083667,0.000704722933087609
"269",0.648538753950515,0.000702705535523969
"270",0.648533256406854,0.000702243429914241
"271",0.648507031075897,0.000700108504216931
"272",0.64850047327032,0.00069959228487993
"273",0.648498053603867,0.000699403564599714
"274",0.64849583186971,0.000699231109057688
"275",0.648491115942525,0.000698867661769765
"276",0.648485188270621,0.000698415834880623
"277",0.648482081997233,0.000698181276863562
"278",0.648479121628798,0.000697959144152666
"279",0.648460177837499,0.00069656982893363
"280",0.648459495527086,0.000696520815186243
"281",0.648428152567141,0.000694344352274437
"282",0.648420578911743,0.000693840060277112
"283",0.648401710822751,0.00069261932674664
"284",0.648397195450863,0.000692334612088005
"285",0.648382174690447,0.00069140773481649
"286",0.648370126171433,0.000690686429705113
"287",0.648368309769592,0.000690579375558675
"288",0.648361993976191,0.000690210547386912
"289",0.648349632158516,0.000689503817731089
"290",0.648346645205014,0.000689336033809707
"291",0.648343406888431,0.000689155429431811
"292",0.64832260093166,0.00068802687971035
"293",0.648309508876002,0.000687344470074554
"294",0.648291313505794,0.000686430731381441
"295",0.648283288568854,0.000686040307190861
"296",0.648268725904127,0.000685351082587514
"297",0.648261495146811,0.000685017961773374
"298",0.648236152649534,0.000683897008553394
"299",0.648225998928029,0.000683467802318874
"300",0.64820849888926,0.00068275411495419
"301",0.648207896950661,0.000682730145199076
"302",0.648196734517782,0.000682292519451898
"303",0.648195635754072,0.000682250142802777
"304",0.648189947372877,0.000682032745932293
"305",0.648184989418176,0.000681845969556132
"306",0.648168492110442,0.000681242382076304
"307",0.648165287876418,0.000681128302605925
"308",0.648161404161366,0.000680991391117326
"309",0.648159105181732,0.00068091104451064
"310",0.648152426377059,0.000680680556841996
"311",0.64814006804477,0.000680265437425355
"312",0.648133242322501,0.000680042407898839
"313",0.648107338937662,0.000679235579448319
"314",0.648100442853441,0.000679031132123065
"315",0.64808252321718,0.000678519710539275
"316",0.648079734533668,0.000678442663517416
"317",0.64807599053252,0.000678340285778298
"318",0.648073333958754,0.000678268378954095
"319",0.648053356332591,0.000677746945743422
"320",0.648028575960473,0.000677146417278413
"321",0.648026464396573,0.000677097558898607
"322",0.648017850487943,0.000676901943363419
"323",0.648012577764193,0.000676785110382571
"324",0.648012392198964,0.000676781038554399
"325",0.648001946117431,0.000676556164681407
"326",0.647995324649629,0.000676418004662324
"327",0.647994412256281,0.000676399231211962
"328",0.647990062995342,0.000676310614465848
"329",0.647987050860114,0.00067625008501838
"330",0.647973297335379,0.000675982380873997
"331",0.647952229485528,0.000675599387301009
"332",0.647930212511637,0.000675233161448898
"333",0.647904012106168,0.000674841091313784
"334",0.647895295395142,0.000674720888451016
"335",0.647825655428009,0.000673934557109712
"336",0.647800094152961,0.000673719493591551
"337",0.647770576939323,0.000673517197671809
"338",0.647768643673171,0.000673505619745049
"339",0.64775978597028,0.000673455145809126
"340",0.647753735758008,0.000673423076475239
"341",0.647752520378302,0.000673416867949512
"342",0.647736681405343,0.00067334301834678
"343",0.647733214388308,0.000673328584074323
"344",0.647701267077232,0.000673224054057666
"345",0.647697998546486,0.000673216198005729
"346",0.647681692159495,0.000673184663431393
"347",0.647655530369076,0.000673160087144453
"348",0.647647685270056,0.000673158798916501
"349",0.647645091318804,0.000673158978189078
"350",0.647633010555271,0.000673163727813867
"351",0.64762662301828,0.000673168814665456
"352",0.64762467140853,0.000673170720298322
"353",0.647616240206649,0.000673180826100984
"354",0.647597235654787,0.000673214586909621
"355",0.647589565250897,0.000673232441077771
"356",0.64758361881008,0.000673247926134015
"357",0.647574170423511,0.000673275446366105
"358",0.647571837047503,0.000673282788539861
"359",0.647559073626582,0.000673326724021254
"360",0.647503436202173,0.00067358996004652
"361",0.647496511664301,0.000673630551869743
"362",0.647477222555589,0.00067375235432914
"363",0.647464032769381,0.000673842876056448
"364",0.647451912174117,0.000673931111417218
"365",0.64744308809429,0.000673998333820663
"366",0.64742683725184,0.000674128577427566
"367",0.647411802076016,0.000674256347980437
"368",0.64739309642244,0.000674424789253223
"369",0.647372625490906,0.000674620799744745
"370",0.647334618053504,0.000675015655868994
"371",0.647327992799713,0.000675088445741649
"372",0.647323504796386,0.000675138403047157
"373",0.647318003784956,0.000675200344243356
"374",0.647300330752548,0.000675404531162452
"375",0.647291472750271,0.000675509793966873
"376",0.647250984412719,0.000676014783488165
"377",0.647249403486016,0.000676035271292397
"378",0.647236822875312,0.000676200301761077
"379",0.647224895454081,0.000676359982834172
"380",0.647216476822329,0.000676474537245283
"381",0.647215577416132,0.000676486864919581
"382",0.647190579690132,0.000676836241635195
"383",0.647168041312155,0.000677162075765651
"384",0.647133264167819,0.000677683963100945
"385",0.647132769833278,0.000677691542483308
"386",0.647089717829526,0.000678368092767219
"387",0.647071807633927,0.000678658747443343
"388",0.647069335736454,0.000678699269239891
"389",0.647064677184885,0.000678775900471642
"390",0.647064344165249,0.000678781391631588
"391",0.647062337680997,0.000678814513434504
"392",0.647053472315779,0.000678961609045877
"393",0.647053356465768,0.000678963539301571
"394",0.647032286234472,0.000679317988939992
"395",0.647013501652328,0.000679639509076131
"396",0.646995778459288,0.000679947443702122
"397",0.646988598502592,0.000680073420231053
"398",0.646980269989766,0.000680220414315332
"399",0.646976116128185,0.000680294070398697
"400",0.646972777128476,0.000680353440757685
"401",0.646948764166584,0.000680784603442737
"402",0.646946411259557,0.000680827238109662
"403",0.646941301310187,0.000680920062879539
"404",0.646932480623799,0.000681081035099603
"405",0.646930657214366,0.000681114426735014
"406",0.646877926840517,0.000682096379199527
"407",0.646874429786552,0.000682162567673994
"408",0.646850583632455,0.000682617217008253
"409",0.646842822361449,0.00068276640502559
"410",0.646836481652876,0.000682888715001048
"411",0.646776802268819,0.000684057645267987
"412",0.646754607652109,0.000684499944581162
"413",0.646753144452333,0.000684529237368229
"414",0.646750973599555,0.000684572726913897
"415",0.646743534600758,0.000684722022326804
"416",0.646742330054387,0.000684746235213365
"417",0.646730328521829,0.000684988055731456
"418",0.646724350529927,0.000685108889781835
"419",0.646714161963755,0.000685315403497956
"420",0.646708511241742,0.0006854302424624
"421",0.646707001745061,0.000685460955820051
"422",0.646689804784975,0.000685811904819343
"423",0.646689513622545,0.000685817863002806
"424",0.646683703235633,0.000685936873958597
"425",0.646608054294456,0.000687503977974525
"426",0.646595170682882,0.000687773805317891
"427",0.64659280321751,0.000687823471588762
"428",0.646575620304756,0.000688184691114902
"429",0.646564996978542,0.000688408645124507
"430",0.646559114943243,0.00068853284450131
"431",0.646540016575556,0.000688937035177604
"432",0.646515436866451,0.000689459178711674
"433",0.646512178783353,0.000689528543260084
"434",0.646507258891406,0.000689633352444511
"435",0.646467677574755,0.000690479184677509
"436",0.646450311203048,0.000690851620674305
"437",0.646439300465267,0.000691088123467659
"438",0.646425038195786,0.000691394856646149
"439",0.64641715168476,0.00069156464463305
"440",0.6464013270983,0.000691905676719765
"441",0.646393276848039,0.000692079329719929
"442",0.646391920518231,0.0006921085974699
"443",0.646381333401041,0.000692337148559119
"444",0.646377547968109,0.000692418906486856
"445",0.64636075759607,0.000692781772532157
"446",0.646354918601966,0.00069290804185682
"447",0.6463319795922,0.000693404438682088
"448",0.646329103877278,0.000693466701883359
"449",0.646326277375522,0.000693527905838099
"450",0.646325890029636,0.000693536293743979
"451",0.646314315371012,0.000693786989290597
"452",0.646313913966823,0.000693795684869672
"453",0.646301065051211,0.000694074076999377
"454",0.646274189210359,0.000694656601129221
"455",0.646268477095929,0.000694780431242351
"456",0.646267541517846,0.000694800713537654
"457",0.646251517955948,0.000695148091275608
"458",0.646235405322912,0.000695497378749228
"459",0.646220182665219,0.000695827314737641
"460",0.646216690954887,0.000695902982175124
"461",0.646216270822113,0.000695912086349398
"462",0.646214065755512,0.000695959868301594
"463",0.646203934747846,0.000696179368052019
"464",0.646185091504639,0.000696587466108158
"465",0.646167475832631,0.000696968739067119
"466",0.646155951987603,0.000697218010392577
"467",0.646149005506915,0.00069736820452321
"468",0.646148103130793,0.000697387711576163
"469",0.646111111709292,0.000698186529687904
"470",0.646097909234711,0.00069847118560916
"471",0.646096279301487,0.000698506310153041
"472",0.64608937844062,0.000698654975588932
"473",0.646076052824686,0.000698941831247731
"474",0.646070567865824,0.000699059816679412
"475",0.646035124053689,0.000699820905807669
"476",0.645974151469379,0.000701124003272368
"477",0.645917871501397,0.000702318654532255
"478",0.645832793095545,0.00070410703422128
"479",0.645832178001504,0.000704119878991559
"480",0.645827705541832,0.000704213237055969
"481",0.645821331712442,0.000704346166339297
"482",0.64580974609739,0.000704587430595045
"483",0.645805119963378,0.000704683636294451
"484",0.645778846430289,0.000705228574213082
"485",0.645769849796817,0.000705414594980382
"486",0.645765536613242,0.000705503670890564
"487",0.645721834137715,0.000706402220436359
"488",0.645705687701075,0.000706732310954322
"489",0.645698369256244,0.000706881580944519
"490",0.645696099165071,0.000706927838487875
"491",0.645692309465934,0.000707005014184988
"492",0.645666039537524,0.000707538361374089
"493",0.645650808188177,0.000707846271706201
"494",0.645636980050801,0.000708124956913235
"495",0.645626618201612,0.000708333241995588
"496",0.645623520662089,0.00070839541511822
"497",0.645618350094957,0.000708499103755189
"498",0.645595874633819,0.000708948441839876
"499",0.645588176711409,0.000709101821767966
"500",0.645585358367404,0.000709157909873312
"501",0.645576995199058,0.000709323394263123
"502",0.6455570989094,0.000709709895805846
"503",0.64554101841738,0.000710014922271671
"504",0.645517770192819,0.000710444407713288
"505",0.645516510391578,0.000710467295445633
"506",0.645499817039351,0.000710766860202856
"507",0.645488886623766,0.000710959285680204
"508",0.645463643185321,0.000711392548274846
"509",0.645419058237354,0.000712120469863453
"510",0.645395633777815,0.000712484240308614
"511",0.645381554617575,0.000712696822980863
"512",0.645343372081118,0.00071325091775918
"513",0.645341267736165,0.000713280517565358
"514",0.645328264821006,0.000713461278712818
"515",0.645314329251745,0.000713650955690976
"516",0.64530962109749,0.000713714101037831
"517",0.645289847837841,0.000713974194048686
"518",0.645288404658225,0.000713992857262137
"519",0.645273116978454,0.000714187917594237
"520",0.645225311447346,0.000714767462566686
"521",0.645223372876055,0.000714790014524803
"522",0.645221994755301,0.000714806002487711
"523",0.645211618402817,0.000714925210717812
"524",0.645201930753997,0.000715034657121597
"525",0.645171790895662,0.000715363973541108
"526",0.645160682300102,0.000715481169607592
"527",0.645151273787916,0.000715578707762876
"528",0.645074247222895,0.000716320475503493
"529",0.6450654326979,0.000716399203069036
"530",0.645045975632984,0.000716568749483303
"531",0.645040225966741,0.000716617755991316
"532",0.645026207397262,0.00071673519260023
"533",0.645025084676722,0.000716744473692503
"534",0.645013571722506,0.000716838600456455
"535",0.645009022436376,0.000716875273910678
"536",0.645000148898859,0.000716945971268697
"537",0.644983305326828,0.000717077184818093
"538",0.644961171510319,0.000717243844925382
"539",0.644937465001438,0.000717415375178782
"540",0.644918362948986,0.00071754857017663
"541",0.644916348276972,0.000717562365114125
"542",0.644915989625639,0.000717564815901313
"543",0.64489654786686,0.000717695450124972
"544",0.644891672364831,0.000717727539299837
"545",0.644872685257947,0.000717850028166803
"546",0.644851465642575,0.000717982415565778
"547",0.644832530621763,0.000718096727517215
"548",0.644828386811429,0.000718121281245814
"549",0.644816526004045,0.000718190670927655
"550",0.64481570079418,0.000718195450327214
"551",0.644724844644176,0.000718686823630587
"552",0.644714871951454,0.000718736979954406
"553",0.644673407407427,0.000718938760380498
"554",0.644660308289804,0.000719000427713543
"555",0.644656946043872,0.000719016108420782
"556",0.644655430848385,0.000719023155714401
"557",0.644652017252984,0.000719038989431456
"558",0.644642258947026,0.000719083930273814
"559",0.6446200665603,0.000719184456510404
"560",0.644581386423062,0.000719354750565294
"561",0.644566082597917,0.000719420647233594
"562",0.644552772699273,0.000719477374431431
"563",0.644540809162759,0.000719527946482476
"564",0.644539376052866,0.000719533979961303
"565",0.644524146192138,0.0007195978014554
"566",0.644516763655412,0.00071962855782941
"567",0.644516006540617,0.000719631705914013
"568",0.644483809134497,0.000719764684406369
"569",0.644407186748887,0.000720077361441476
"570",0.644348648010035,0.000720317244442327
"571",0.644338974752335,0.000720357285671714
"572",0.644301135564956,0.000720515617384316
"573",0.644284041796002,0.000720588218707884
"574",0.644256752387969,0.000720705809126331
"575",0.644221013047691,0.000720863468440751
"576",0.644202765471037,0.000720945789811875
"577",0.644173564332814,0.000721080405053418
"578",0.644172408097401,0.000721085812625779
"579",0.644138398398754,0.000721247705912258
"580",0.644124714658193,0.000721314468940559
"581",0.644123691423621,0.000721319500573228
"582",0.644087586200771,0.000721500701740711
"583",0.644067230162831,0.000721606149732331
"584",0.644067015552566,0.000721607274636639
"585",0.644066214228724,0.000721611477336441
"586",0.644060440446763,0.000721641874755787
"587",0.644035464299934,0.000721775759206699
"588",0.644030030100236,0.000721805416259315
"589",0.644018388652312,0.000721869600259258
"590",0.644000162127127,0.000721971911182956
"591",0.643995797794228,0.000721996745768441
"592",0.643993896230082,0.000722007607529438
"593",0.643973414475438,0.00072212620734927
"594",0.643967086538944,0.000722163453162587
"595",0.643910006122389,0.000722512834809775
"596",0.643853682286353,0.000722882475037292
"597",0.643846126278985,0.000722934030296505
"598",0.64384480385984,0.000722943102153359
"599",0.643840793840866,0.000722970700451145
"600",0.643826015476342,0.000723073577771175
"601",0.643813908691293,0.000723159238443722
"602",0.643800259744076,0.000723257319112572
"603",0.643799675535954,0.000723261553136571
"604",0.643798486972971,0.000723270176338921
"605",0.643788779769867,0.000723341063763379
"606",0.643777140732939,0.000723427145561973
"607",0.643750654688127,0.000723627502699199
"608",0.643749376986305,0.000723637326349875
"609",0.643733910858479,0.000723757404162145
"610",0.643682763650042,0.000724170040405853
"611",0.643674254378636,0.000724241033309064
"612",0.643662766463266,0.000724337948597026
"613",0.643647633795612,0.000724467499507907
"614",0.643614469795921,0.000724758972541992
"615",0.643608353675799,0.000724813865597473
"616",0.643597500579349,0.000724912151012032
"617",0.643582809251231,0.000725046987285632
"618",0.643542809416776,0.000725424590795829
"619",0.643500672296171,0.000725839026416503
"620",0.643494835449709,0.000725897784235873
"621",0.643434034914437,0.000726529368054541
"622",0.643414202587061,0.000726743069080889
"623",0.643364498346799,0.000727295153544856
"624",0.643357505841223,0.000727374704017357
"625",0.64334299003752,0.000727541316031753
"626",0.643320047295114,0.000727808686195582
"627",0.643319782410126,0.000727811801842979
"628",0.643315892465901,0.00072785763168288
"629",0.643305223230503,0.000727984054746742
"630",0.64328736361138,0.0007281980374838
"631",0.643233234379781,0.000728864397151491
"632",0.643166552059244,0.000729721241688029
"633",0.643161266549174,0.000729790813321797
"634",0.6431588683475,0.000729822458970698
"635",0.643099956643017,0.000730615025587903
"636",0.643090265349887,0.000730748151196843
"637",0.643080278439587,0.000730886130791027
"638",0.643076648962068,0.000730936473887172
"639",0.643068771841795,0.000731046095295322
"640",0.643053702164763,0.000731257176762017
"641",0.64296120926459,0.000732590496689914
"642",0.642937469606593,0.000732942683863438
"643",0.642935787725513,0.000732967782370872
"644",0.642880619753416,0.000733801449853904
"645",0.642877291073323,0.00073385237827672
"646",0.642826191103799,0.000734642663766855
"647",0.642821524920045,0.000734715594333383
"648",0.642816599670935,0.000734792708112482
"649",0.642799399807256,0.000735063066147644
"650",0.642794223018984,0.000735144756040814
"651",0.642793429248704,0.00073515729457707
"652",0.642772970531467,0.000735481619315127
"653",0.642768288281935,0.000735556152635506
"654",0.642719812640075,0.000736334183043778
"655",0.642704509543333,0.000736582090352123
"656",0.642697981140044,0.000736688165452527
"657",0.642686752708385,0.000736871037575179
"658",0.642685112043359,0.00073689780303892
"659",0.642683151219251,0.000736929806271677
"660",0.642632595741698,0.000737760209706606
"661",0.642614002242589,0.000738067992903102
"662",0.642610725245623,0.00073812236000025
"663",0.642609267878933,0.000738146549909667
"664",0.642564123902669,0.000738899141047605
"665",0.642549848823264,0.000739138335362176
"666",0.642465249102949,0.000740565406878551
"667",0.642456153923812,0.000740719606189664
"668",0.642437346966418,0.000741038812767835
"669",0.642432679266318,0.000741118103037704
"670",0.642371818903099,0.000742153635220097
"671",0.64231642045842,0.000743097296111102
"672",0.642262384251102,0.000744016543403897
"673",0.642250272457066,0.000744222209164843
"674",0.642242522809881,0.000744353705773081
"675",0.642233789832018,0.000744501787692383
"676",0.642174382733571,0.000745505648378445
"677",0.642170764863332,0.000745566550982239
"678",0.64214891178616,0.000745933751560102
"679",0.642142960699537,0.000746033537893392
"680",0.642121100500402,0.000746399243959851
"681",0.642119724759565,0.000746422212929052
"682",0.642108033169478,0.000746617179701976
"683",0.642048947407165,0.000747595455866143
"684",0.642040053186003,0.000747741595380892
"685",0.64201411114167,0.00074816598459851
"686",0.642013152200064,0.000748181616941108
"687",0.641985705096224,0.000748627293165555
"688",0.641978243526592,0.000748747844229887
"689",0.641973428793395,0.000748825489460936
"690",0.641946124300315,0.000749263623656541
"691",0.641935573695579,0.000749431885302408
"692",0.641902267346989,0.000749959046610768
"693",0.641901444174323,0.000749971995700441
"694",0.641886348586788,0.000750208752342622
"695",0.641841083505199,0.000750910283810061
"696",0.641822271948916,0.000751197925498799
"697",0.641802267801471,0.000751501151016007
"698",0.641800339975763,0.000751530225294166
"699",0.641800286645306,0.000751531029216692
"700",0.641789396682368,0.000751694762841649
"701",0.641743457655702,0.000752375841058134
"702",0.641715124667377,0.000752787772152267
"703",0.641678068417163,0.000753316630944915
"704",0.641664236695885,0.000753511047744135
"705",0.641658490419222,0.000753591326707513
"706",0.641590859347172,0.000754513718741173
"707",0.641574718259409,0.000754727508544582
"708",0.641563991554677,0.000754868178725839
"709",0.641526508467708,0.000755350700007431
"710",0.641440997180621,0.000756396326107263
"711",0.641423793210424,0.000756596978562493
"712",0.641413301168491,0.000756717692718473
"713",0.641378458744113,0.000757109392055041
"714",0.641371460783184,0.000757186336540973
"715",0.641346747117399,0.000757453359627756
"716",0.641323765260906,0.000757694982571784
"717",0.641323149157567,0.000757701370180065
"718",0.641318098844681,0.000757753552323133
"719",0.641307999713394,0.000757856944181137
"720",0.64124492788907,0.000758473205315315
"721",0.641229816629781,0.000758613149595205
"722",0.641189299435521,0.000758973262795024
"723",0.641165446690412,0.000759174783737534
"724",0.641140131787827,0.000759379996638696
"725",0.641139287357721,0.000759386686611761
"726",0.641088887269112,0.000759767537673735
"727",0.641077755721458,0.000759846703095637
"728",0.641038948456451,0.000760108418609395
"729",0.641036595753435,0.000760123565154965
"730",0.641015023637104,0.000760258564750132
"731",0.641011960797892,0.00076027716226091
"732",0.640983417283164,0.000760443602265813
"733",0.640962756502135,0.00076055626240397
"734",0.640960118670752,0.000760570169701271
"735",0.640928377606874,0.000760728984531561
"736",0.640923323080114,0.000760752811671742
"737",0.640865404182344,0.000760996749338533
"738",0.640836975308724,0.000761096649539906
"739",0.640826128356508,0.000761131278537173
"740",0.640791714960103,0.000761228271431361
"741",0.640791667104024,0.000761228392605405
"742",0.640777990541143,0.000761261453173233
"743",0.640775997265002,0.00076126600994249
"744",0.640771127503183,0.000761276861952979
"745",0.640768473950348,0.000761282607455704
"746",0.640768083179604,0.000761283443548363
"747",0.640756911004717,0.000761306258888511
"748",0.640737313557027,0.000761341180276343
"749",0.64073084464034,0.000761351275439798
"750",0.640682437482645,0.000761404075237418
"751",0.640679176257242,0.000761406120704817
"752",0.640667654547847,0.000761410916694737
"753",0.640641492868979,0.000761407877818204
"754",0.640630794729169,0.000761401129962733
"755",0.640569964547793,0.000761303505860939
"756",0.640569484367068,0.000761302341795351
"757",0.640512156529152,0.000761120480495021
"758",0.64050880289562,0.000761107253071268
"759",0.640472163193504,0.000760944615131864
"760",0.640457897612113,0.000760872454562347
"761",0.640418402119402,0.000760647534195311
"762",0.640416556288917,0.000760636134705387
"763",0.640410496868412,0.000760598163998004
"764",0.64040546193284,0.000760565975691492
"765",0.640378178074724,0.000760381613391482
"766",0.640367526127701,0.000760305146904294
"767",0.640359598437686,0.000760246625650059
"768",0.64032172096889,0.000759948405278738
"769",0.64030489503025,0.000759806270466768
"770",0.640304886559022,0.000759806197439868
"771",0.6402930223122,0.000759702486531477
"772",0.640256465934769,0.000759365229310402
"773",0.640247567580613,0.00075927917837643
"774",0.640239914497144,0.000759203955635717
"775",0.640239222663046,0.000759197100583943
"776",0.640228743456653,0.00075909216101493
"777",0.640160339617003,0.000758357791136735
"778",0.640123542353718,0.000757929013255071
"779",0.640120121808766,0.000757888013240694
"780",0.640092692492689,0.000757552423627244
"781",0.640087658774993,0.000757489544380666
"782",0.640086528417977,0.000757475370140541
"783",0.640078909568457,0.000757379317071227
"784",0.640076836703563,0.000757353029270045
"785",0.640049182941561,0.000756996117733269
"786",0.640009660776511,0.000756466661019554
"787",0.639998084644572,0.000756307441714169
"788",0.639974254355585,0.000755974008267314
"789",0.639964888143061,0.000755840919011428
"790",0.639950452720647,0.000755633608562301
"791",0.63994336628866,0.000755530883980747
"792",0.639936774133243,0.000755434769379162
"793",0.639895860363608,0.000754826670115495
"794",0.639882818880061,0.000754628803878247
"795",0.639859261085762,0.000754266690111098
"796",0.639857306803713,0.000754236385927077
"797",0.639824383621782,0.000753720018365576
"798",0.63980613507084,0.000753429237663476
"799",0.639800288213936,0.000753335410906356
"800",0.639797101949658,0.000753284147653812
"801",0.63979019480244,0.000753172703936136
"802",0.639788804017408,0.000753150212443068
"803",0.63969715761794,0.000751632917229001
"804",0.639626898262526,0.000750429342597627
"805",0.639618764244612,0.000750288122047628
"806",0.639520153083221,0.000748551434416906
"807",0.639508392822209,0.000748341804312461
"808",0.639480875488373,0.000747849705461047
"809",0.639348791103305,0.000745468311659347
"810",0.639321459472384,0.000744974156782784
"811",0.639316700580462,0.000744888146174413
"812",0.63928547370223,0.000744324200288584
"813",0.639279203979529,0.000744211093196659
"814",0.639249835124137,0.000743682025365765
"815",0.639246656753825,0.000743624854644577
"816",0.639241874953924,0.000743538878303814
"817",0.639234282574915,0.000743402461055394
"818",0.639225587800386,0.000743246385355341
"819",0.639191960018831,0.000742644453427055
"820",0.639177874269956,0.000742393234754192
"821",0.639172363511064,0.000742295113902601
"822",0.639140156432323,0.000741723670510446
"823",0.639120990842248,0.000741385408155225
"824",0.63911956731482,0.000741360341183733
"825",0.639115390154502,0.00074128683284361
"826",0.639066004855353,0.000740423530586268
"827",0.639027773162638,0.00073976332336591
"828",0.638995518880351,0.000739212559058088
"829",0.638989332720421,0.000739107623328172
"830",0.638958843016934,0.00073859389853202
"831",0.638899871236198,0.000737617885198886
"832",0.638895596990065,0.000737548107152449
"833",0.638825565219129,0.000736424962195821
"834",0.638797837461342,0.000735991382408037
"835",0.638787773230406,0.000735835655642224
"836",0.638776396578273,0.00073566070363061
"837",0.638702847543281,0.000734558585595874
"838",0.638625569096205,0.000733458283747845
"839",0.638599216267409,0.000733097490742919
"840",0.638595363098169,0.000733045374332935
"841",0.638561352307406,0.000732592544297397
"842",0.638555593637923,0.000732517166171977
"843",0.638481283226579,0.000731579195298946
"844",0.638455011036889,0.000731263423971939
"845",0.638438996202452,0.000731075113599257
"846",0.638416040174712,0.000730810781566011
"847",0.638403386469127,0.000730667927603551
"848",0.638397241105235,0.000730599286488979
"849",0.638381946074299,0.000730430553581541
"850",0.638360110569815,0.000730194917665049
"851",0.638327620366951,0.000729855881116404
"852",0.638319561933317,0.00072977395819533
"853",0.638285195031675,0.000729434371486215
"854",0.638224681395206,0.000728875590241411
"855",0.638207157209976,0.000728723250223603
"856",0.638145829690848,0.000728224226055914
"857",0.638105191533802,0.000727923160123857
"858",0.638060882391877,0.0007276221725192
"859",0.638040189983983,0.000727491443033665
"860",0.6380032582781,0.00072727378824074
"861",0.637989703602789,0.00072719896623298
"862",0.637962043043962,0.000727054748745332
"863",0.637960733978189,0.000727048205824873
"864",0.63795601306452,0.000727024822205184
"865",0.637898478136246,0.000726766617092851
"866",0.637850491975319,0.000726589254451478
"867",0.6378391357425,0.00072655235085525
"868",0.637827626269141,0.000726516931575889
"869",0.637810625142266,0.000726468264712705
"870",0.637779596714047,0.000726390676980758
"871",0.637765868764567,0.000726360981116042
"872",0.637759103638848,0.000726347391840443
"873",0.637740154398761,0.0007263129990445
"874",0.637739906087141,0.00072631258426345
"875",0.637677287795538,0.000726237595550956
"876",0.63767162474066,0.000726233717771935
"877",0.637656600691166,0.000726225758917394
"878",0.637634678364565,0.000726220205994016
"879",0.637606205038275,0.000726223703289418
"880",0.637582118428099,0.000726236079633142
"881",0.637581815479722,0.000726236290121232
"882",0.637566644530372,0.000726248569129264
"883",0.637565170671168,0.000726249943516143
"884",0.637562922071658,0.000726252102209993
"885",0.637547102898956,0.000726269398591467
"886",0.637529346277672,0.000726293204438429
"887",0.63751247100085,0.000726320119190254
"888",0.637492713051805,0.000726356925534042
"889",0.637492447325161,0.000726357459360419
"890",0.63736972519946,0.000726712827513913
"891",0.637367558016557,0.000726721032552384
"892",0.637332692772321,0.000726862090856352
"893",0.637290807673511,0.000727053899697796
"894",0.637241127144009,0.000727312549973418
"895",0.637233390375053,0.000727355831660103
"896",0.637231115881029,0.000727368708447693
"897",0.637191601816536,0.000727603401799719
"898",0.637139910624762,0.000727941357989138
"899",0.637137376120611,0.000727958817174089
"900",0.6371254773681,0.000728041881303894
"901",0.637109478605316,0.000728156407043546
"902",0.637058117089804,0.000728545781789934
"903",0.637056473253771,0.000728558783676415
"904",0.637046044286444,0.000728642042211309
"905",0.637039428652103,0.000728695545276769
"906",0.637029911674775,0.000728773444299845
"907",0.637008508143152,0.000728952624293054
"908",0.637006938730242,0.000728965978400924
"909",0.636937959051061,0.000729581489256708
"910",0.636935706552948,0.000729602515415187
"911",0.636924498904396,0.000729707989743605
"912",0.636920079071806,0.00072974997451018
"913",0.636864076811478,0.000730300735766238
"914",0.636780877927619,0.000731180984302743
"915",0.636692637737387,0.000732190686142845
"916",0.636587218749832,0.000733491252417531
"917",0.636539721627399,0.000734108060833086
"918",0.636498455361379,0.0007346583675437
"919",0.636434599348203,0.000735534662136786
"920",0.636405679906662,0.00073594081700317
"921",0.636365375331622,0.000736515911727141
"922",0.636334852228183,0.000736958079707641
"923",0.63629762793529,0.000737504607520141
"924",0.636217826879075,0.000738700854590671
"925",0.636160965078395,0.000739571368810401
"926",0.636148181191535,0.000739768927110624
"927",0.636136520090838,0.000739949684678078
"928",0.636088340726394,0.000740701708368263
"929",0.636035742212409,0.000741531223143332
"930",0.636032410895221,0.00074158402540826
"931",0.636025476748633,0.000741694026874951
"932",0.635990679445423,0.000742247832053339
"933",0.635988101821672,0.000742288966612704
"934",0.63598022705727,0.00074241472313124
"935",0.635951764821831,0.00074287029309202
"936",0.635949354609263,0.000742908941029184
"937",0.635902473931664,0.000743662526786129
"938",0.635872820977731,0.00074414068673642
"939",0.635864239982816,0.000744279225065255
"940",0.635827258687208,0.000744876920552757
"941",0.635802873532827,0.000745271421105285
"942",0.635716634484765,0.000746666581980695
"943",0.635699626174517,0.000746941348306788
"944",0.635697281377475,0.000746979209675955
"945",0.635663833664682,0.000747518693675598
"946",0.635590929171562,0.000748689278492713
"947",0.63558309748205,0.000748814471155039
"948",0.635566032707713,0.000749086813857235
"949",0.635564679158614,0.000749108388428998
"950",0.635531786642012,0.000749631344443332
"951",0.635518119123841,0.00074984784271956
"952",0.635487912450394,0.000750324488539032
"953",0.635463863148524,0.000750702016028675
"954",0.635452943925688,0.000750872812264457
"955",0.635445539182749,0.000750988407861252
"956",0.635427850193257,0.000751263779185338
"957",0.635404124213097,0.000751631343062987
"958",0.635176260704979,0.000755032149539024
"959",0.635150455783243,0.000755399643715056
"960",0.635098751835144,0.000756123281851889
"961",0.635090356517149,0.000756239117996967
"962",0.635064934744138,0.000756586936874782
"963",0.634958978456132,0.000757986111677496
"964",0.634928804399854,0.000758368704331661
"965",0.634915042514988,0.000758540735127409
"966",0.634902362067673,0.000758697854895717
"967",0.634881403369302,0.000758954573929945
"968",0.634870710080008,0.000759084105553319
"969",0.634859355069845,0.000759220566769646
"970",0.634844053231765,0.000759402669675243
"971",0.634778843359995,0.000760155026406955
"972",0.634741135935728,0.000760571959721667
"973",0.634737353877351,0.00076061302393125
"974",0.634684525644146,0.000761171878894382
"975",0.634670140049752,0.000761319209744697
"976",0.634663511943038,0.000761386380382781
"977",0.634659974796985,0.000761422041811319
"978",0.634637424546839,0.000761646346512766
"979",0.634623728829427,0.000761779981469712
"980",0.634618665948695,0.000761828880992774
"981",0.634607934920128,0.000761931625611216
"982",0.634534551899716,0.000762600791757555
"983",0.63452910831277,0.000762648061129072
"984",0.634501324439746,0.000762884111089284
"985",0.634486506067686,0.000763006409281998
"986",0.63446035122535,0.000763216079679472
"987",0.634459005112407,0.000763226655266335
"988",0.634389401818035,0.000763744215243275
"989",0.634388642709198,0.000763749539197233
"990",0.634375602965874,0.000763839896471111
"991",0.634348455826477,0.000764021317941894
"992",0.634335608079246,0.00076410399867622
"993",0.634196217782302,0.000764865979731132
"994",0.634164062706925,0.000765005686478726
"995",0.63411772631719,0.000765182507986252
"996",0.63409939252071,0.000765244384727492
"997",0.634097252557758,0.000765251305864874
"998",0.633922734904268,0.000765598957663962
"999",0.63392114113348,0.000765600120954183
"1000",0.633904937472583,0.000765609841076743
"1001",0.633877857519312,0.000765617572630191
"1002",0.633849250509616,0.000765614363749943
"1003",0.633773713969095,0.00076555133987632
"1004",0.633759655048857,0.000765531107726131
"1005",0.633738634508348,0.00076549600627725
"1006",0.633686932977956,0.000765385438174592
"1007",0.63367065914534,0.000765343655154373
"1008",0.633651279604827,0.000765289629776512
"1009",0.633641824964585,0.000765261606907271
"1010",0.633624153550021,0.00076520633465888
"1011",0.633608668991537,0.000765154833893547
"1012",0.633518771421327,0.000764800940589843
"1013",0.633494314073884,0.000764688985008955
"1014",0.633468857028742,0.00076456558837139
"1015",0.633462573572281,0.000764534069479494
"1016",0.633442066000097,0.000764428316940047
"1017",0.633420624132045,0.000764313088073574
"1018",0.633349724537538,0.00076389920565612
"1019",0.633322814525977,0.000763729340173865
"1020",0.633300468227706,0.000763583122192475
"1021",0.633213514348193,0.000762971362694465
"1022",0.633199635494536,0.000762867649066882
"1023",0.633192443040467,0.00076281326593622
"1024",0.633103064531007,0.000762102522410963
"1025",0.633068083620317,0.000761807486208233
"1026",0.633067215238421,0.00076180004642194
"1027",0.633062092643274,0.000761756046603692
"1028",0.633043614495624,0.000761595747032987
"1029",0.632974476470064,0.000760974673147722
"1030",0.632954412773635,0.000760788388215383
"1031",0.632952191295391,0.000760767600750435
"1032",0.632939756833081,0.000760650657700675
"1033",0.632805072724532,0.000759323685623094
"1034",0.632789399357321,0.000759162552541349
"1035",0.632770324593661,0.000758964695914882
"1036",0.632757264054446,0.00075882813519242
"1037",0.632719311585062,0.000758426444287582
"1038",0.632712496632651,0.000758353568842283
"1039",0.632683479052699,0.000758040816943961
"1040",0.632630453777903,0.000757459482316957
"1041",0.632624177095007,0.000757389864943858
"1042",0.632599703923303,0.00075711686742425
"1043",0.632593124399824,0.000757043059259227
"1044",0.63255824473956,0.000756648960348758
"1045",0.632547349260456,0.000756524908932127
"1046",0.63254280403328,0.000756473029663521
"1047",0.632538943822243,0.000756428910124635
"1048",0.632508751056161,0.000756081999313863
"1049",0.632402197136482,0.000754833979514249
"1050",0.632294395284476,0.000753539606538922
"1051",0.632276411089003,0.000753321100395481
"1052",0.632232413108417,0.000752783891894835
"1053",0.632192188585278,0.00075228981890885
"1054",0.632179003049429,0.000752127318282213
"1055",0.632169358652967,0.000752008302364843
"1056",0.632119765198895,0.000751394407415328
"1057",0.63210239185873,0.000751178685822854
"1058",0.632087149962948,0.000750989184064001
"1059",0.632086728156902,0.00075098393670351
"1060",0.632069784438027,0.000750773025396686
"1061",0.632033688292871,0.000750322972262564
"1062",0.631949320200271,0.000749268407054089
"1063",0.631948873584382,0.000749262818764511
"1064",0.631905107188029,0.000748715114380141
"1065",0.631881102723938,0.000748414747906113
"1066",0.631858253419846,0.000748128940127603
"1067",0.631807149630141,0.000747490396006262
"1068",0.631789792828891,0.000747273827103562
"1069",0.631733185049541,0.000746569012355107
"1070",0.631679282456461,0.000745900640057867
"1071",0.631646463972391,0.000745495346704964
"1072",0.631611709780496,0.000745067727490542
"1073",0.631538821209604,0.000744177018208136
"1074",0.63141755715996,0.000742717521719584
"1075",0.631374120886224,0.000742202757877917
"1076",0.631295659662975,0.000741285252017729
"1077",0.631287595567615,0.000741191913771084
"1078",0.631228220670536,0.000740510576975848
"1079",0.63121782067103,0.000740392341038268
"1080",0.631201228945735,0.000740204419428169
"1081",0.631151152187456,0.000739642670870485
"1082",0.631140942849745,0.000739529175773369
"1083",0.631129758011115,0.000739405247410036
"1084",0.63112258136988,0.000739325958705065
"1085",0.631116685935729,0.00073926095986474
"1086",0.630961387360226,0.000737595036026774
"1087",0.630934146373263,0.000737312544979009
"1088",0.63089975608768,0.000736960316262124
"1089",0.630893885343592,0.0007369006868362
"1090",0.630880570647905,0.000736765995696508
"1091",0.630834103344828,0.000736301975126086
"1092",0.630820800878048,0.000736170896227462
"1093",0.630798114699838,0.000735949193004668
"1094",0.630726074334439,0.000735260914434578
"1095",0.630725903745189,0.000735259313597903
"1096",0.630710713562889,0.00073511732519961
"1097",0.630699905148055,0.000735016971104489
"1098",0.630664448290817,0.000734691755154841
"1099",0.630527029906818,0.000733491116495257
"1100",0.630429258091809,0.000732697366444804
"1101",0.630421595075309,0.000732637358760549
"1102",0.630352331542366,0.000732109848899925
"1103",0.630319549410708,0.000731869653979429
"1104",0.630281176341357,0.000731596358351377
"1105",0.630249394756915,0.000731376505233519
"1106",0.63020566621426,0.000731083749685557
"1107",0.630183259711257,0.000730938158463594
"1108",0.6301452021202,0.000730697800424393
"1109",0.63011083215917,0.000730488295844489
"1110",0.63005980595543,0.000730190648917642
"1111",0.629999863808916,0.000729861678859632
"1112",0.629957916712372,0.000729644918420604
"1113",0.629919059742859,0.000729454108300571
"1114",0.629912772108145,0.00072942414018297
"1115",0.629795391841282,0.00072891157995691
"1116",0.629738636779006,0.000728696005644995
"1117",0.629611422579092,0.000728290310277269
"1118",0.629426250253171,0.000727893941882437
"1119",0.629418989131008,0.000727883130526839
"1120",0.629376933281894,0.000727827566681925
"1121",0.629325875514554,0.000727776301142274
"1122",0.629296145907718,0.000727754640464066
"1123",0.629259726624051,0.000727736326904749
"1124",0.629258411304118,0.000727735834912158
"1125",0.629226603746618,0.000727727534100022
"1126",0.629076380453915,0.000727781635856734
"1127",0.629062790476821,0.000727794115948731
"1128",0.628960236821976,0.00072792873751593
"1129",0.628947750236424,0.000727949994120657
"1130",0.628922859358847,0.000727995508728937
"1131",0.628912215361268,0.000728016247585266
"1132",0.628829831143502,0.000728202527670716
"1133",0.628745131235919,0.000728441342440636
"1134",0.62840730599041,0.000729860686231299
"1135",0.628312140878394,0.000730391436582561
"1136",0.628295176254686,0.000730491912679206
"1137",0.628287339813001,0.000730538918749144
"1138",0.628234421858516,0.000730866093636614
"1139",0.628226029056351,0.000730919535450798
"1140",0.62816466375896,0.00073132305547777
"1141",0.628157850230906,0.000731369235617591
"1142",0.628129448231746,0.000731564673160767
"1143",0.628121548725809,0.000731619869178669
"1144",0.628116162630199,0.000731657711716648
"1145",0.628111807468645,0.000731688434290955
"1146",0.628083933924155,0.00073188766444548
"1147",0.628059711117207,0.000732064434912565
"1148",0.628057165208318,0.000732083209344309
"1149",0.628044691399074,0.000732175730012646
"1150",0.628024719444411,0.000732325707372235
"1151",0.628000773713834,0.000732508495883659
"1152",0.627976787067734,0.00073269482020984
"1153",0.627966573342673,0.000732775131762286
"1154",0.627876245924068,0.000733510320465336
"1155",0.627868666017076,0.000733574025924128
"1156",0.627835739176269,0.000733854316899756
"1157",0.627825155218332,0.000733945633306899
"1158",0.627807007185611,0.000734103581530452
"1159",0.627775706426925,0.000734380037675479
"1160",0.627726022236814,0.000734829210766675
"1161",0.62765252261517,0.00073551647267774
"1162",0.62758863947941,0.000736135291598993
"1163",0.627478450379664,0.000737247777387694
"1164",0.627422070244852,0.000737838229062612
"1165",0.627412986192652,0.000737934665362643
"1166",0.62741078185751,0.000737958120361624
"1167",0.627408601986663,0.000737981335651294
"1168",0.627385639883853,0.000738227116342498
"1169",0.627382279646686,0.000738263272082294
"1170",0.62737867525322,0.000738302108122689
"1171",0.627327419677478,0.000738860259222308
"1172",0.627306642116827,0.000739089605088356
"1173",0.627233894039125,0.000739906218350675
"1174",0.627142271944323,0.000740963591812449
"1175",0.627033745862583,0.000742255053550683
"1176",0.627032763556647,0.000742266926231863
"1177",0.627014593701226,0.00074248710895058
"1178",0.626990813507596,0.000742776897461646
"1179",0.626930136275464,0.000743524388446088
"1180",0.626857785266123,0.000744430123565783
"1181",0.626854170176961,0.000744475773164259
"1182",0.626778072950891,0.000745444934966425
"1183",0.626688284962863,0.000746607445843854
"1184",0.626654738446709,0.000747046641966797
"1185",0.626633263714693,0.000747329093455856
"1186",0.626517328467847,0.000748870101453428
"1187",0.626512668224487,0.000748932573416989
"1188",0.626492283852884,0.000749206274296314
"1189",0.626462794428397,0.000749603460665202
"1190",0.626426038530709,0.000750100446032655
"1191",0.626338819014317,0.000751287446784339
"1192",0.626297468300691,0.000751853512126257
"1193",0.62624001108323,0.000752643030968519
"1194",0.626194659304281,0.000753268280455945
"1195",0.625941789741343,0.00075677330584415
"1196",0.625833158336901,0.000758279973833615
"1197",0.62578521002234,0.000758943450073694
"1198",0.625646034687481,0.000760859543974834
"1199",0.625571192245812,0.000761881568450541
"1200",0.625552688447103,0.000762133118548546
"1201",0.625476183683552,0.000763167692101558
"1202",0.625467427939153,0.000763285489545421
"1203",0.625402696442273,0.000764152094746458
"1204",0.625400420555293,0.000764182419904263
"1205",0.625396230677965,0.000764238221470535
"1206",0.625286170343725,0.000765690813620564
"1207",0.625262453648146,0.000766000243458383
"1208",0.625220088832553,0.000766549523999866
"1209",0.625212134326667,0.000766652147661593
"1210",0.625107119449474,0.000767990783870815
"1211",0.62491493529847,0.000770352507425597
"1212",0.624862331912807,0.000770976478675831
"1213",0.624828976246788,0.000771366673370284
"1214",0.62482618112782,0.000771399172940129
"1215",0.624818151717457,0.000771492360659708
"1216",0.624779973234232,0.000771931905072924
"1217",0.624774016335126,0.000771999949568165
"1218",0.624745702906014,0.000772321347380565
"1219",0.624703624074474,0.000772792702339398
"1220",0.624639807817331,0.000773492657804829
"1221",0.624572600737618,0.000774209517424259
"1222",0.624408584712196,0.000775865187505263
"1223",0.62436743403704,0.000776258389604845
"1224",0.624356193113175,0.000776364177714417
"1225",0.624282083474203,0.000777043758332261
"1226",0.624222037184274,0.000777570965509354
"1227",0.624189848252156,0.000777844676650383
"1228",0.624143277211136,0.000778229390967169
"1229",0.624064274593567,0.000778850598330009
"1230",0.624055919761746,0.000778913927400493
"1231",0.624036128563335,0.000779062104336352
"1232",0.623994650487678,0.000779364162935174
"1233",0.623918847622276,0.000779885818727958
"1234",0.623845253380553,0.000780353561804152
"1235",0.623806499764316,0.000780584089074759
"1236",0.62361401207241,0.00078156043465312
"1237",0.623513874749451,0.000781952108784175
"1238",0.623497738825498,0.000782007472184716
"1239",0.623457435103579,0.000782136173724993
"1240",0.623400309274072,0.000782294816782653
"1241",0.623393962402873,0.000782310699969763
"1242",0.623313844836918,0.000782480720019094
"1243",0.6232953262126,0.000782511885180833
"1244",0.623260984578944,0.000782561473088986
"1245",0.623258018587818,0.000782565252541346
"1246",0.623247866073048,0.000782577580532252
"1247",0.6232207154262,0.000782605897603484
"1248",0.62320149902702,0.0007826218223655
"1249",0.623172624903767,0.000782639282210508
"1250",0.623130773270349,0.000782650669281801
"1251",0.623129786643502,0.000782650739171078
"1252",0.623125132786315,0.000782650989890826
"1253",0.623115016140365,0.000782651086436069
"1254",0.623102640075447,0.000782650371999369
"1255",0.623079134074125,0.000782646507519472
"1256",0.623010642915414,0.000782616768475363
"1257",0.62294173308769,0.000782559666751727
"1258",0.622936201001097,0.000782553922999068
"1259",0.622909900728652,0.000782524291294808
"1260",0.622786645103479,0.000782335317316499
"1261",0.622550829220669,0.000781755942200956
"1262",0.6224980666924,0.000781589487350427
"1263",0.622496651476922,0.000781584845445438
"1264",0.622465297965193,0.000781479663845211
"1265",0.62240887639558,0.000781279258277896
"1266",0.622383965360259,0.000781186306510866
"1267",0.622383617493556,0.000781184989376125
"1268",0.622333138429987,0.000780988345992881
"1269",0.622251037025973,0.000780645645958934
"1270",0.622231665703909,0.000780560764916686
"1271",0.622093521060997,0.000779912757818471
"1272",0.622092110787658,0.000779905767446257
"1273",0.621999357005257,0.000779430072139582
"1274",0.621888443492357,0.000778821616425583
"1275",0.621797666745241,0.000778293345320871
"1276",0.621770093344851,0.000778127737038308
"1277",0.621752632674262,0.000778021662218363
"1278",0.621701882036253,0.000777708155194224
"1279",0.621625247571569,0.000777220571736065
"1280",0.621601742692898,0.000777067719084482
"1281",0.621581218484133,0.0007769330165406
"1282",0.621567099185119,0.000776839691677628
"1283",0.621566202798781,0.00077683374883427
"1284",0.621553225565116,0.000776747473951269
"1285",0.621518926598777,0.000776517323631432
"1286",0.621398424629047,0.000775685284322607
"1287",0.621390394709652,0.000775628594333161
"1288",0.62137685442425,0.000775532662530638
"1289",0.621361984823023,0.000775426826354951
"1290",0.621345179371146,0.000775306606172466
"1291",0.621329337360223,0.000775192697459394
"1292",0.621264689890895,0.000774722175683995
"1293",0.621225930373648,0.000774435837180994
"1294",0.621112160199902,0.000773578137317875
"1295",0.62098387143989,0.0007725827359093
"1296",0.620963623326717,0.000772423121201284
"1297",0.620959694707237,0.000772392077027052
"1298",0.620956004775453,0.000772362896971518
"1299",0.620954451185585,0.00077235060479566
"1300",0.62093952096042,0.000772232284578387
"1301",0.620912231738454,0.000772015142585974
"1302",0.620876357487487,0.000771728011076281
"1303",0.620866059252877,0.000771645243309854
"1304",0.620789668266894,0.000771026736733509
"1305",0.620782652244247,0.000770969544112347
"1306",0.620718497395448,0.000770443736220443
"1307",0.620686528911704,0.000770179901216587
"1308",0.620570805502099,0.000769215647447444
"1309",0.620555318927771,0.00076908560028228
"1310",0.620527500999199,0.000768851453791226
"1311",0.620525821146496,0.000768837292319807
"1312",0.620352532899118,0.000767364529771156
"1313",0.620330405364107,0.000767174980242457
"1314",0.62030824795022,0.00076698488834179
"1315",0.620307018330476,0.000766974331159592
"1316",0.620211416872713,0.000766151179881891
"1317",0.620195196734761,0.000766011109278466
"1318",0.620188209324425,0.00076595073646983
"1319",0.620159295028935,0.000765700715731197
"1320",0.620158579920983,0.00076569452842432
"1321",0.620117022015066,0.000765334671552767
"1322",0.620099183604143,0.000765180047132294
"1323",0.62006815064395,0.000764910854972819
"1324",0.62004445075268,0.000764705125327705
"1325",0.619978393545897,0.000764131190080982
"1326",0.619891604420688,0.000763376468005224
"1327",0.619884944203247,0.000763318540449559
"1328",0.619880641679149,0.000763281119240326
"1329",0.61983445198564,0.000762879421346528
"1330",0.619778878466162,0.000762396326405563
"1331",0.619740150403907,0.000762059906259812
"1332",0.619673884139203,0.00076148494333191
"1333",0.619615271506794,0.000760977326381559
"1334",0.619567226943065,0.000760562058224659
"1335",0.61952536766787,0.000760200959494773
"1336",0.619524242764866,0.000760191265413889
"1337",0.619515246092736,0.000760113754224018
"1338",0.619306336535804,0.000758325350522556
"1339",0.619269350356402,0.000758011406574966
"1340",0.619252164246233,0.000757865843085218
"1341",0.619219609219188,0.000757590676896165
"1342",0.619156496733884,0.000757059457580144
"1343",0.619151941123555,0.000757021231417087
"1344",0.619140754105179,0.00075692743085563
"1345",0.619074422993671,0.000756373360061312
"1346",0.619018887920572,0.000755912364649731
"1347",0.618946054888564,0.000755312035005399
"1348",0.618842414196395,0.000754466670153485
"1349",0.618811107008802,0.000754213476616073
"1350",0.618752793693938,0.000753744683292054
"1351",0.618736438056145,0.00075361386888691
"1352",0.618670173421613,0.00075308697939982
"1353",0.618593510613489,0.000752483818364694
"1354",0.618440614526427,0.000751302505183169
"1355",0.618417898574006,0.000751129555137809
"1356",0.618322870161463,0.000750413507160473
"1357",0.618146532580864,0.00074911787537041
"1358",0.618138839899811,0.000749062363571847
"1359",0.618049567730156,0.000748424501287084
"1360",0.618046726303563,0.000748404392360517
"1361",0.618023863011124,0.000748243026290875
"1362",0.617923496023299,0.000747543972701469
"1363",0.617914515204015,0.000747482169039903
"1364",0.61790399613677,0.000747409936999596
"1365",0.617876294911723,0.000747220534159762
"1366",0.61779533237201,0.00074667378892819
"1367",0.617761861048226,0.000746450750020072
"1368",0.617606039554812,0.000745435794193814
"1369",0.617514590008311,0.000744858250281559
"1370",0.617509148309022,0.00074482430953801
"1371",0.617478919553873,0.000744636641942625
"1372",0.617446530917295,0.000744437211474368
"1373",0.617414644611476,0.000744242540647564
"1374",0.617408783429964,0.000744206937348073
"1375",0.617405535089735,0.000744187229658646
"1376",0.617402084484963,0.000744166313663168
"1377",0.617380424701684,0.000744035465216378
"1378",0.617252201941814,0.00074327654812396
"1379",0.617230154292797,0.000743148760538411
"1380",0.617227379040888,0.000743132731543005
"1381",0.617122470651807,0.000742536038215466
"1382",0.617110622253612,0.000742469775984489
"1383",0.617102897943007,0.000742426700903548
"1384",0.617027122776842,0.000742009283061195
"1385",0.617000525606591,0.000741864979302449
"1386",0.61691841412706,0.00074142669658288
"1387",0.61678969478485,0.000740761417141375
"1388",0.616771555599577,0.000740669785867641
"1389",0.616712769465358,0.000740376391139602
"1390",0.616706985538648,0.00074034781766647
"1391",0.616662050588525,0.000740127612747381
"1392",0.616591060971468,0.000739786111889571
"1393",0.616540640127212,0.000739548261214614
"1394",0.616458663755847,0.000739169778283873
"1395",0.61628424257096,0.000738397580779217
"1396",0.616191072090591,0.000738002989226344
"1397",0.616154084552558,0.0007378496924743
"1398",0.616102045889263,0.000737637175835709
"1399",0.616058410390457,0.000737461779600452
"1400",0.616048468140066,0.000737422169014578
"1401",0.615960473914495,0.000737077201452267
"1402",0.615947168908843,0.000737025905012226
"1403",0.615922888189352,0.000736932867065943
"1404",0.61589692306432,0.000736834188535972
"1405",0.61577364084982,0.000736376834423921
"1406",0.615765878341428,0.000736348638887103
"1407",0.61572876516122,0.000736214790988725
"1408",0.615626840037049,0.00073585512712327
"1409",0.615616939025891,0.000735820791007554
"1410",0.615560313186978,0.000735626393199702
"1411",0.615542991847356,0.000735567588816987
"1412",0.615521053275067,0.000735493543850025
"1413",0.615393678981946,0.000735072865332452
"1414",0.615354899383838,0.000734947767470573
"1415",0.61530800511352,0.000734798245151214
"1416",0.615249552152901,0.00073461444161354
"1417",0.615240126270906,0.00073458506019365
"1418",0.615217894699038,0.000734516037670842
"1419",0.615192050818811,0.000734436276975974
"1420",0.615104132840848,0.000734168598406446
"1421",0.614975234167761,0.000733785445220177
"1422",0.614934215066848,0.000733665582775386
"1423",0.614925551250033,0.000733640382832439
"1424",0.614911787745957,0.000733600430580961
"1425",0.614907202499782,0.000733587142385237
"1426",0.614897330547124,0.000733558569374527
"1427",0.614866944510112,0.000733470923708791
"1428",0.61473183744388,0.000733086168005622
"1429",0.614730544905027,0.00073308252173128
"1430",0.614700176876257,0.000732997017273431
"1431",0.614692056470697,0.000732974204883201
"1432",0.614677064858284,0.00073293214365363
"1433",0.614658173693703,0.000732879237632756
"1434",0.614657618680487,0.000732877684840399
"1435",0.614554363997711,0.0007325901472131
"1436",0.614542140555922,0.000732556259195523
"1437",0.614495058450583,0.000732425956321713
"1438",0.614444540443229,0.000732286457186461
"1439",0.614377957328486,0.000732102882792107
"1440",0.614333598649932,0.000731980633073952
"1441",0.614177283894383,0.000731548763298514
"1442",0.614107874788416,0.000731355745809099
"1443",0.614099554435597,0.00073133253046051
"1444",0.614071433754712,0.00073125392689098
"1445",0.614065985125601,0.000731238670161538
"1446",0.614045415694253,0.000731180990764926
"1447",0.613912448809961,0.000730804407858979
"1448",0.613803759580181,0.00073049057895287
"1449",0.61379246965934,0.000730457610211254
"1450",0.613741341963978,0.000730307337891717
"1451",0.613721202925066,0.000730247688831275
"1452",0.613684940956128,0.000730139594854514
"1453",0.61363046369618,0.000729975433899266
"1454",0.613626971397031,0.000729964834387646
"1455",0.613598272840372,0.000729877370455788
"1456",0.613484080809113,0.000729522548136115
"1457",0.613433862492986,0.000729362777079545
"1458",0.613317347389883,0.000728982312201671
"1459",0.613183410240983,0.000728526256877083
"1460",0.613174706669165,0.000728495870670388
"1461",0.613069525252309,0.000728120877041525
"1462",0.613021935479386,0.000727946274720125
"1463",0.612992717491482,0.000727837479713456
"1464",0.612985637922825,0.000727810931747962
"1465",0.61298563482369,0.000727810920110292
"1466",0.612964756321919,0.000727732196654625
"1467",0.612945683479862,0.000727659713507336
"1468",0.612831827924953,0.000727215325806233
"1469",0.61273298401772,0.000726812411728089
"1470",0.612635711931874,0.000726399329419619
"1471",0.612605602637037,0.000726267981312868
"1472",0.6125112866689,0.000725845430828856
"1473",0.612414804772231,0.000725395059181217
"1474",0.612372430696784,0.000725191238203762
"1475",0.612343423653717,0.000725049536655448
"1476",0.612316280114846,0.000724915311727914
"1477",0.612287085135544,0.000724769164059994
"1478",0.612263143037202,0.000724647919878594
"1479",0.612240441766972,0.000724531787881864
"1480",0.612227789306646,0.000724466563091047
"1481",0.612103747876184,0.000723807772593263
"1482",0.612030717818236,0.000723403021115638
"1483",0.612024776112271,0.000723369525698245
"1484",0.611967902564559,0.000723044537013189
"1485",0.611942388631398,0.000722896144295729
"1486",0.611868157374588,0.000722455079580358
"1487",0.611857447451854,0.000722390283885883
"1488",0.611822713438457,0.000722178102375127
"1489",0.61178057281525,0.000721916453342113
"1490",0.611720914364571,0.000721538011022546
"1491",0.611680893752077,0.000721278795615503
"1492",0.611655832453079,0.000721114261105544
"1493",0.611621070576998,0.000720883194526197
"1494",0.611523545422776,0.000720217039595397
"1495",0.611495775798906,0.000720022466513864
"1496",0.611333192104485,0.000718838831741232
"1497",0.611310213212438,0.000718665323978579
"1498",0.611301503521573,0.000718599151733985
"1499",0.611280749599107,0.000718440567016989
"1500",0.611266751639506,0.000718332883365228
"1501",0.61123104738134,0.000718057316385159
"1502",0.611216209390544,0.000717942705205865
"1503",0.611159347953744,0.00071750302005865
"1504",0.611027159870666,0.000716478133761411
"1505",0.610980951874176,0.000716119045654768
"1506",0.610929507811387,0.000715718808957768
"1507",0.610884859442435,0.000715371075511261
"1508",0.610862473553575,0.000715196606720631
"1509",0.610792540606252,0.000714651083164735
"1510",0.610780298648508,0.000714555515992272
"1511",0.610735173200649,0.000714203071582205
"1512",0.610644843850541,0.000713496833106841
"1513",0.610473347006757,0.000712153847140415
"1514",0.610312679262388,0.000710894054087917
"1515",0.610284823178804,0.000710675556124203
"1516",0.610258302524187,0.000710467524544644
"1517",0.610108311351943,0.000709291050694818
"1518",0.610065253076156,0.00070895342116008
"1519",0.609983916850826,0.000708315892671712
"1520",0.609964728962854,0.000708165553720717
"1521",0.609931571579964,0.00070790582606107
"1522",0.609894193498961,0.000707613144112896
"1523",0.609853532395589,0.000707294899859931
"1524",0.609741657227127,0.000706420205374199
"1525",0.609739934333611,0.00070640674692197
"1526",0.60963789571969,0.000705610419601691
"1527",0.609461112506873,0.000704234907822586
"1528",0.609414168532845,0.000703870687293364
"1529",0.609394747953759,0.000703720152756319
"1530",0.609279176190101,0.000702826180801275
"1531",0.609235237193777,0.00070248719811105
"1532",0.609131686816268,0.000701690465705187
"1533",0.609125272981352,0.000701641220912164
"1534",0.609124638406793,0.000701636349396276
"1535",0.609016334971993,0.000700806797105993
"1536",0.608877239634829,0.000699747280498057
"1537",0.608727309249675,0.000698613503654849
"1538",0.60857772827794,0.000697491917374738
"1539",0.608485188996913,0.000696803267286915
"1540",0.608451502927685,0.000696553638407044
"1541",0.608354599252917,0.000695838820755102
"1542",0.60831159907364,0.000695523242039609
"1543",0.608256549092604,0.000695120735258744
"1544",0.608060618985141,0.00069370265486984
"1545",0.608013537271226,0.000693365449819259
"1546",0.607974150043115,0.000693084465323365
"1547",0.607962037602234,0.000692998263407692
"1548",0.607952571493348,0.000692930963406188
"1549",0.607922407706145,0.00069271691590488
"1550",0.607807069903905,0.000691904277939105
"1551",0.607710284964249,0.000691229756621366
"1552",0.60770643631175,0.000691203078583401
"1553",0.60762612319714,0.000690648953193189
"1554",0.60760876130112,0.000690529822850679
"1555",0.60752198826904,0.000689938029396881
"1556",0.607491110715363,0.000689728922957475
"1557",0.607467310206126,0.000689568283606048
"1558",0.607460088045592,0.0006895196321627
"1559",0.607440828867168,0.000689390109583884
"1560",0.607434932474556,0.000689350517792761
"1561",0.60743091026126,0.000689323527300784
"1562",0.607380076279092,0.000688983609535238
"1563",0.60736473391456,0.000688881457702407
"1564",0.607321843797696,0.00068859698669265
"1565",0.607221230981562,0.00068793615028461
"1566",0.607194874145725,0.000687764572237143
"1567",0.607183488959853,0.000687690657685879
"1568",0.607141910345592,0.000687421762232287
"1569",0.607135631870819,0.000687381301311769
"1570",0.607096104273231,0.000687127441243301
"1571",0.607054628878043,0.000686862705805062
"1572",0.606970967074301,0.000686333893614387
"1573",0.606947438995394,0.000686186451470831
"1574",0.606924999364776,0.00068604635990069
"1575",0.606912584294601,0.00068596907584161
"1576",0.606826703419507,0.000685438893846296
"1577",0.606751812803999,0.000684983005281662
"1578",0.606751447061703,0.000684980793876565
"1579",0.606723914670919,0.000684814747346942
"1580",0.606688122949043,0.000684600149039792
"1581",0.606676181174035,0.000684528868674384
"1582",0.606670543507525,0.000684495273380512
"1583",0.606652265500155,0.000684386600840573
"1584",0.606591676143552,0.000684029096203736
"1585",0.606577063149028,0.000683943507636731
"1586",0.606534116383876,0.000683693414100376
"1587",0.606531810051356,0.000683680045014886
"1588",0.60640969661395,0.000682981303584206
"1589",0.606396559579677,0.000682907213957554
"1590",0.606357256398857,0.000682686831476051
"1591",0.606318128643443,0.000682469353477475
"1592",0.606304009487264,0.000682391352181829
"1593",0.606296499213165,0.000682349964969377
"1594",0.606269592778201,0.000682202282306827
"1595",0.606252680809368,0.000682109932900062
"1596",0.606144592766207,0.000681528524534505
"1597",0.606091120255085,0.00068124663427351
"1598",0.606061979019361,0.000681094640975711
"1599",0.60595596976859,0.000680551606252786
"1600",0.605850833954215,0.000680028718826785
"1601",0.605831115825896,0.000679932428583849
"1602",0.605798789716182,0.00067977580166726
"1603",0.605756128253112,0.000679571461877901
"1604",0.605649841075226,0.000679074265334559
"1605",0.605627467464714,0.000678971802260426
"1606",0.605557079748694,0.000678654527006807
"1607",0.605547809120191,0.000678613318598012
"1608",0.605500360474653,0.000678404542160467
"1609",0.605491055610936,0.000678364021716855
"1610",0.605481043486125,0.000678320576575671
"1611",0.60535163056254,0.000677773695799541
"1612",0.60533067092257,0.000677687722610317
"1613",0.605258449251415,0.00067739713778787
"1614",0.605237424086382,0.000677314206967922
"1615",0.605178384768678,0.000677085399091489
"1616",0.605128559147667,0.000676897014149201
"1617",0.605094551529595,0.000676770943116444
"1618",0.604903010215037,0.000676099746370097
"1619",0.604875783572301,0.000676009809642177
"1620",0.604873668351279,0.000676002880531532
"1621",0.604832827490452,0.000675870741844973
"1622",0.604808453029969,0.000675793381662172
"1623",0.604785597762201,0.000675721870360093
"1624",0.604783658920763,0.000675715849888859
"1625",0.604769867508268,0.000675673232805765
"1626",0.60475184913762,0.000675618104579925
"1627",0.604660130343465,0.00067534724896692
"1628",0.604569021872217,0.000675094606085629
"1629",0.60450091048494,0.000674916624466242
"1630",0.604494478827288,0.000674900305445274
"1631",0.604428843853769,0.00067473863070586
"1632",0.604417638364174,0.000674711919191589
"1633",0.604380855436563,0.000674626077072924
"1634",0.60432602277973,0.000674503389501815
"1635",0.604313621052486,0.000674476523533086
"1636",0.604042814070149,0.000673973088661376
"1637",0.604031395711737,0.000673955432669177
"1638",0.603960471623454,0.000673852398010278
"1639",0.603927968803397,0.000673809028918647
"1640",0.603878276157548,0.000673747449775187
"1641",0.603693990057682,0.000673569898390883
"1642",0.603587256507701,0.000673504522103943
"1643",0.603585051949418,0.000673503467064788
"1644",0.603569691341385,0.000673496450385688
"1645",0.60354976949381,0.000673488223630122
"1646",0.603543942710191,0.000673486004397617
"1647",0.603335062239617,0.000673463190233094
"1648",0.603286761133008,0.00067347389882568
"1649",0.603276267710692,0.000673477032708604
"1650",0.603268345422724,0.00067347959045903
"1651",0.60321419225926,0.000673501512202483
"1652",0.603093508153855,0.000673578543046158
"1653",0.603054028086457,0.000673612299128495
"1654",0.603023638842073,0.000673641189276831
"1655",0.602973805375862,0.000673694077563154
"1656",0.602930693763047,0.000673745399110616
"1657",0.602916749643994,0.000673763111153471
"1658",0.602859883188243,0.000673841012960995
"1659",0.602803066966456,0.000673928008683473
"1660",0.602790136527025,0.000673949096458889
"1661",0.602759517183095,0.000674000949552864
"1662",0.602723299726701,0.000674065779415471
"1663",0.602723274235406,0.000674065826385033
"1664",0.602703928518687,0.000674102017454403
"1665",0.602687504398402,0.000674133599387268
"1666",0.602636339465411,0.000674237051270938
"1667",0.602619977679784,0.000674271760317525
"1668",0.602619491900836,0.000674272802920582
"1669",0.602591397774551,0.000674334289772943
"1670",0.602261745521783,0.000675234122733811
"1671",0.602065527856488,0.000675930664231351
"1672",0.602064967998709,0.000675932828438889
"1673",0.601994303464835,0.000676214185014597
"1674",0.601948587158674,0.000676404922828136
"1675",0.601877901317672,0.000676713448306229
"1676",0.601875701517765,0.000676723316710073
"1677",0.601796919146959,0.000677087439838715
"1678",0.6017726346531,0.000677203901185754
"1679",0.601751333919519,0.000677307701319215
"1680",0.601746267709552,0.000677332616659848
"1681",0.601727284233817,0.000677426755010148
"1682",0.601722955002496,0.000677448395890172
"1683",0.601713520977911,0.000677495776655622
"1684",0.601681109379488,0.000677660884141367
"1685",0.601484080692454,0.000678743021749276
"1686",0.601423552645919,0.000679102906225601
"1687",0.601354538582965,0.000679529239819275
"1688",0.60126761827039,0.00068009069014258
"1689",0.601232402654522,0.000680326007014511
"1690",0.601134129228177,0.000681006868768184
"1691",0.601079877450407,0.000681398125672696
"1692",0.601036370343549,0.000681719874737326
"1693",0.601028213218262,0.000681780994004033
"1694",0.601007089942488,0.000681940435542664
"1695",0.600985308039719,0.000682106620803925
"1696",0.600924891907486,0.00068257702845557
"1697",0.600808165504435,0.000683525627417007
"1698",0.60076949120967,0.000683851587585469
"1699",0.600763525173976,0.000683902392051639
"1700",0.600652775263098,0.000684870940052198
"1701",0.600651761071702,0.000684880033790761
"1702",0.600647093880204,0.000684921934852351
"1703",0.600560130192774,0.000685718585736145
"1704",0.600410173945949,0.000687163960862629
"1705",0.600389279798314,0.000687372631824409
"1706",0.600365102399716,0.000687616333129971
"1707",0.600344433667478,0.000687826578909518
"1708",0.600288510648884,0.0006884043038079
"1709",0.600103404824278,0.000690409929550153
"1710",0.600095525388292,0.000690498517055516
"1711",0.600009371566492,0.000691484445689052
"1712",0.59998111044455,0.000691814803884463
"1713",0.599937736269008,0.000692328538905717
"1714",0.599919307439972,0.000692549284047274
"1715",0.599901044478489,0.000692769499676172
"1716",0.599860458029913,0.000693264102690899
"1717",0.599849468677685,0.000693399262989817
"1718",0.59982876085707,0.000693655392199553
"1719",0.599793726664772,0.000694093013880945
"1720",0.599761153021609,0.000694504758193355
"1721",0.599565747142583,0.000697074012011963
"1722",0.599456999549368,0.000698578459955425
"1723",0.599397846472332,0.000699419498831596
"1724",0.599266340204191,0.000701347164276605
"1725",0.599253688108996,0.000701536865647132
"1726",0.59910035543516,0.000703895693787841
"1727",0.599084888413611,0.000704139807404149
"1728",0.599081289598472,0.000704196770125634
"1729",0.599059987234043,0.000704535211158835
"1730",0.598977334628712,0.000705868887610946
"1731",0.59875978673765,0.000709536954242781
"1732",0.598666367477067,0.000711183145413789
"1733",0.598549175567167,0.000713309429973539
"1734",0.598543259921407,0.000713418578436878
"1735",0.598534350146761,0.00071358330194742
"1736",0.598527375023122,0.00071371253549586
"1737",0.598439197205371,0.000715367375527967
"1738",0.598419017059941,0.000715751616144158
"1739",0.59837036480437,0.000716686471219561
"1740",0.598363646312282,0.000716816512580799
"1741",0.59835663104191,0.000716952543564403
"1742",0.598350069343544,0.000717080006388818
"1743",0.598335685843831,0.000717360177876078
"1744",0.598313338216648,0.000717797575154649
"1745",0.598311079595742,0.000717841923858984
"1746",0.598208810125287,0.000719877432172687
"1747",0.598135724924037,0.000721365110238096
"1748",0.598116830865297,0.000721754210588706
"1749",0.598033728883911,0.000723487672231436
"1750",0.598019901744035,0.000723779600746059
"1751",0.597996561417352,0.000724274669899013
"1752",0.59798118285287,0.000724602444796122
"1753",0.597884850106071,0.000726684336130743
"1754",0.59784919627641,0.00072746745107515
"1755",0.597843968311857,0.000727582853476429
"1756",0.597822817124295,0.000728051244759289
"1757",0.597810452732354,0.00072832616725834
"1758",0.597734958853989,0.000730022649203297
"1759",0.597714815584964,0.000730480507862379
"1760",0.597702159259757,0.000730769311360436
"1761",0.597645312267454,0.000732077214413695
"1762",0.597584248992813,0.000733501705054354
"1763",0.597557002448793,0.00073414387852865
"1764",0.597536161676709,0.000734637813968875
"1765",0.5975168833884,0.000735096834862249
"1766",0.59742445310536,0.000737325957026505
"1767",0.597367501540679,0.000738722865865667
"1768",0.59732360928888,0.000739811683383263
"1769",0.597274813239151,0.000741034675045165
"1770",0.597238032921489,0.000741965250151591
"1771",0.597201405399105,0.000742899438990011
"1772",0.597110338870291,0.000745254536838853
"1773",0.597109858126353,0.000745267092511805
"1774",0.597107584934203,0.000745326479389977
"1775",0.596953995202186,0.000749406164481471
"1776",0.596925464643746,0.000750178619308421
"1777",0.596840045268768,0.000752518810434553
"1778",0.596715132956275,0.000756015414587698
"1779",0.596702005570211,0.000756388032022664
"1780",0.596682161668851,0.000756953158919186
"1781",0.596644486136279,0.000758032281577479
"1782",0.596609880284933,0.000759030616696445
"1783",0.596496471647726,0.000762350301646714
"1784",0.59641539806138,0.000764768667175705
"1785",0.596261706146387,0.000769456955425138
"1786",0.59622815366109,0.000770498569573985
"1787",0.596224351680348,0.000770617009651315
"1788",0.596221315676242,0.000770711647845428
"1789",0.596207737808028,0.000771135548411418
"1790",0.596172425861944,0.000772242976695527
"1791",0.596083179276031,0.000775074034979844
"1792",0.59597055655305,0.000778712534831257
"1793",0.595826909559436,0.000783460303049434
"1794",0.595782383871777,0.000784956339769347
"1795",0.59574240859564,0.000786309330615662
"1796",0.595698610266047,0.000787802415997127
"1797",0.595614183727467,0.000790712112777406
"1798",0.595549981325491,0.000792952672022115
"1799",0.595508127816256,0.000794426265610165
"1800",0.59549489844573,0.000794894180910107
"1801",0.595449527062203,0.000796506717780072
"1802",0.595132106451732,0.000808125235601652
"1803",0.595126340734634,0.000808341736081521
"1804",0.595095092605395,0.000809518480700004
"1805",0.595067287784368,0.00081057036854881
"1806",0.594986981509413,0.000813633888202325
"1807",0.594984129949446,0.000813743364261636
"1808",0.594928351199793,0.0008158943849183
"1809",0.594897265745607,0.00081710105909972
"1810",0.594811124633499,0.000820474466275729
"1811",0.59474921535602,0.00082292576745121
"1812",0.594696167609767,0.000825044052019406
"1813",0.594668762254641,0.000826144847573922
"1814",0.594618981878232,0.000828155628781177
"1815",0.59455262105725,0.000830858691291262
"1816",0.594509096857833,0.000832645538961832
"1817",0.594462490938222,0.000834571180859403
"1818",0.594401831302199,0.000837096494807613
"1819",0.594393869731276,0.000837429537257357
"1820",0.594375557581035,0.000838196961757557
"1821",0.594320181529357,0.000840529565142664
"1822",0.594313298469298,0.000840820750074129
"1823",0.594310948439606,0.000840920230358341
"1824",0.594206118138475,0.000845390603615237
"1825",0.594192917478206,0.000845958070164864
"1826",0.594117142071565,0.000849235105585982
"1827",0.5940321468042,0.000852950601574169
"1828",0.594011192591288,0.000853873045901578
"1829",0.593977164172913,0.000855376471805263
"1830",0.593957103284279,0.000856265939392334
"1831",0.59393015198234,0.000857464590695516
"1832",0.593909336831913,0.000858393220146059
"1833",0.593555164579639,0.000874577831151625
"1834",0.593449034953954,0.000879568331491408
"1835",0.5934200466784,0.000880942674349855
"1836",0.593320588913232,0.000885694569336005
"1837",0.593257222031523,0.000888751599812199
"1838",0.59324880905588,0.000889159192978763
"1839",0.593233470347427,0.000889903363795574
"1840",0.593187612225836,0.000892136206016686
"1841",0.59315466480694,0.000893747813804016
"1842",0.593089791102348,0.000896939118901705
"1843",0.593060450255665,0.000898390318146051
"1844",0.592945581686771,0.000904118643803624
"1845",0.592930474475343,0.000904877570761328
"1846",0.592881110937978,0.000907366383200239
"1847",0.592735291949803,0.000914798431194864
"1848",0.592711595881617,0.000916017446231788
"1849",0.592663706785451,0.000918490646687456
"1850",0.592648978392048,0.000919253866070421
"1851",0.592632787583856,0.000920094267044026
"1852",0.592371608660782,0.000933852887765566
"1853",0.592258300735717,0.000939939479677376
"1854",0.592182090585494,0.000944073094688326
"1855",0.592166251244246,0.000944936223799539
"1856",0.592127948834601,0.000947029117897255
"1857",0.592084394113222,0.000949418775997414
"1858",0.592047371456696,0.000951458210298412
"1859",0.592034048807111,0.000952193936075334
"1860",0.591800648341014,0.00096523989173471
"1861",0.5917937491875,0.000965630016603004
"1862",0.591766757502022,0.000967158780247238
"1863",0.591707913835173,0.00097050521095573
"1864",0.591504093379629,0.000982240236378554
"1865",0.591479289234812,0.000983683506749977
"1866",0.591375945359504,0.00098973197370871
"1867",0.591318253552896,0.000993133179351127
"1868",0.591214024878162,0.000999322533030416
"1869",0.591196816734327,0.00100034989866623
"1870",0.591190463254006,0.00100072960947474
"1871",0.591160438114887,0.0010025269069933
"1872",0.591153514329085,0.00100294203448228
"1873",0.591114012828101,0.00100531522147528
"1874",0.590995455765197,0.00101248692160995
"1875",0.590967544634161,0.00101418596202324
"1876",0.590927079817058,0.00101665637315179
"1877",0.590907252699737,0.00101786993610033
"1878",0.590814140936415,0.00102359625569773
"1879",0.590753548675353,0.001027346668619
"1880",0.590705475870235,0.00103033560703768
"1881",0.590601894963442,0.00103681600812722
"1882",0.590594893522666,0.00103725602145043
"1883",0.59045305801088,0.00104622351333041
"1884",0.590439171767736,0.00104710694831817
"1885",0.590415777152238,0.00104859750508335
"1886",0.590396115512739,0.0010498523578118
"1887",0.59038258378154,0.00105071711816603
"1888",0.590333831037773,0.00105384036485952
"1889",0.590314788617676,0.00105506352622211
"1890",0.59030162661955,0.00105591003200697
"1891",0.590273423478855,0.00105772682629847
"1892",0.590247675466086,0.00105938894646799
"1893",0.590237884372864,0.00106002186509612
"1894",0.590164990975037,0.00106474891570596
"1895",0.590010695449645,0.00107484198027016
"1896",0.589990013420148,0.00107620383103615
"1897",0.589942711161722,0.00107932647451446
"1898",0.589844939353802,0.0010858157144868
"1899",0.589839821012237,0.00108615671621666
"1900",0.589804898106712,0.00108848682051437
"1901",0.589485910689396,0.00111004424610222
"1902",0.589236670441047,0.00112722809387046
"1903",0.589234652457143,0.00112736842750687
"1904",0.589213268380815,0.00112885669029244
"1905",0.589149963949739,0.00113327511556427
"1906",0.589081350541498,0.00113808536670377
"1907",0.589053425401128,0.00114004942033616
"1908",0.589029673247147,0.00114172284580204
"1909",0.588942533302123,0.00114788470144111
"1910",0.588912487566481,0.00115001748744887
"1911",0.588865035615893,0.00115339437006639
"1912",0.588818248850049,0.00115673410848609
"1913",0.588798043522368,0.00115817952975799
"1914",0.588786410960806,0.00115901253706457
"1915",0.588728323678739,0.00116318147526097
"1916",0.588678826271232,0.00116674612892216
"1917",0.588641223895977,0.00116946162788711
"1918",0.588592293696152,0.00117300483483763
"1919",0.588527203363752,0.00117773512771517
"1920",0.588504570618691,0.00117938441310589
"1921",0.588502485524081,0.00117953647403241
"1922",0.588342142026689,0.00119128866680717
"1923",0.588315870923633,0.00119322519004388
"1924",0.588257159560575,0.00119756413641376
"1925",0.588216322927487,0.00120059114995409
"1926",0.588184966085038,0.00120292050817733
"1927",0.58816095631517,0.00120470703572137
"1928",0.588091238945113,0.0012099090555087
"1929",0.588078784936895,0.00121084058218846
"1930",0.588055832014445,0.00121255919099327
"1931",0.587955122187205,0.00122012725177766
"1932",0.587947819890397,0.00122067772790074
"1933",0.587900970854383,0.00122421493794576
"1934",0.587888326731934,0.00122517123983947
"1935",0.587807291103811,0.00123131665531554
"1936",0.587787689909851,0.00123280741318036
"1937",0.587496822533695,0.00125512364192108
"1938",0.587283334754291,0.00127173245933266
"1939",0.587273597799603,0.00127249455158177
"1940",0.587267447961971,0.0012729760922102
"1941",0.587243832425105,0.00127482669418667
"1942",0.587209835591218,0.00127749491359519
"1943",0.587160629715014,0.00128136535607876
"1944",0.587119299870716,0.00128462407995383
"1945",0.587062792668053,0.00128909097162725
"1946",0.587013198576248,0.00129302227768755
"1947",0.586951074138689,0.00129796118047072
"1948",0.586890564002183,0.00130278700271498
"1949",0.586850942599727,0.00130595502974147
"1950",0.58675813081189,0.00131340110971602
"1951",0.586669748659978,0.001320524342114
"1952",0.58656526872183,0.00132898567945951
"1953",0.586543795462382,0.00133073013466476
"1954",0.58651926617434,0.00133272511838401
"1955",0.586517544466521,0.00133286523653944
"1956",0.586409119944881,0.00134171301718312
"1957",0.586356084971115,0.00134605787414095
"1958",0.586355050389354,0.00134614274252184
"1959",0.586348618384333,0.00134667046518972
"1960",0.586296160673859,0.00135098053997535
"1961",0.586276888101852,0.00135256675911271
"1962",0.586250123377991,0.00135477204402997
"1963",0.586169212911585,0.00136145580055353
"1964",0.586082770482608,0.0013686248508397
"1965",0.585969416584578,0.00137806985730206
"1966",0.585952453529361,0.00137948755492044
"1967",0.585933850949212,0.00138104355442334
"1968",0.585904450115525,0.00138350548775145
"1969",0.58589382563003,0.00138439596779038
"1970",0.585875848308681,0.00138590370714102
"1971",0.585860366521923,0.00138720314415505
"1972",0.585853668496183,0.00138776561665156
"1973",0.585643428261372,0.00140550788038737
"1974",0.585638569173431,0.00140591992898107
"1975",0.58560018491664,0.00140917803818156
"1976",0.585591017277265,0.00140995702409328
"1977",0.585571170995866,0.00141164447446172
"1978",0.585524177511852,0.0014156460621141
"1979",0.585487532272878,0.00141877223910829
"1980",0.585476729233791,0.00141969479988101
"1981",0.585384965457815,0.00142754887693615
"1982",0.585355052222269,0.00143011594702582
"1983",0.585326715529725,0.00143255079272876
"1984",0.585297096940916,0.00143509897296606
"1985",0.585292569839306,0.00143548874035384
"1986",0.585286036675743,0.00143605135642217
"1987",0.585180502001116,0.00144516153681842
"1988",0.585161262057574,0.00144682683098866
"1989",0.585135253374888,0.00144908014871835
"1990",0.585125185729125,0.00144995304718628
"1991",0.585094014219026,0.00145265807667989
"1992",0.585050663059681,0.00145642595233062
"1993",0.58500062132909,0.00146078386712377
"1994",0.584982303718539,0.00146238134667886
"1995",0.584756223868959,0.00148219773429672
"1996",0.58470828163752,0.00148642359535433
"1997",0.584662771892481,0.00149044264118285
"1998",0.584645685631834,0.00149195346479448
"1999",0.584630795804188,0.00149327091957114
"2000",0.584499984569876,0.0015048789144856
